,Region,Total_Revenue,Total_Cost,Total_Profit
0,Asia,7441767204.380004,5240401594.000001,2201365610.380001
1,Australia and Oceania,4107217996.3099914,2884104118.4899974,1223113877.819998
2,Central America and the Caribbean,5523574110.079989,3883470837.059998,1640103273.0199966
3,Europe,13286034643.959967,9368415980.82999,3917618663.1299944
4,Middle East and North Africa,6449462148.399993,4543363401.79,1906098746.6099973
5,North America,1139754303.6100025,807256884.5500009,332497419.06000024
6,Sub-Saharan Africa,13200187894.330057,9302705732.050035,3897482162.280007
